slice,sid_metric,target_metric,n,n_unique_sid,n_unique_target,spearman_rho,spearman_p,pearson_r,pearson_p,kendall_tau,kendall_p,abs_spearman
raw_all_rows,pas_behavioral,NDCG@1,11,6,10,0.6037122778185576,0.04921269640216948,0.6165730126152299,0.04334390450840212,0.44263520637871306,0.06822808679705429,0.6037122778185576
raw_all_rows,gamma,NDCG@1,11,2,10,0.5011402523360258,0.11633945886179559,0.48483271497112934,0.1306679781136829,0.4303314829119352,0.11302436851255683,0.5011402523360258
raw_all_rows,unique_l0,NDCG@1,11,3,10,0.4652657089690788,0.14928082969024378,0.49544114809251294,0.1212259941348526,0.40032038451271784,0.13009389144724806,0.4652657089690788
raw_all_rows,unique_l1,NDCG@1,11,3,10,0.4652657089690788,0.14928082969024378,0.48756334408258667,0.1281943238170015,0.40032038451271784,0.13009389144724806,0.4652657089690788
raw_all_rows,unique_l2,NDCG@1,11,3,10,0.4652657089690788,0.14928082969024378,0.48478524771456677,0.1307112446592751,0.40032038451271784,0.13009389144724806,0.4652657089690788
raw_all_rows,entropy_mean,NDCG@1,11,6,10,0.19816509882593875,0.5591536434798087,0.45366961977182463,0.16105410884879134,0.13471506281091267,0.5789100661590745,0.19816509882593875
raw_all_rows,unique_total_base,NDCG@1,11,6,10,0.19816509882593875,0.5591536434798087,0.47784179281482536,0.13713861614561793,0.13471506281091267,0.5789100661590745,0.19816509882593875
raw_all_rows,n_collisions,NDCG@1,11,6,10,-0.19816509882593875,0.5591536434798087,-0.47784179281482553,0.13713861614561784,-0.13471506281091267,0.5789100661590745,0.19816509882593875
raw_all_rows,cfr,NDCG@1,11,6,10,0.19816509882593875,0.5591536434798087,0.4778417928148254,0.13713861614561784,0.13471506281091267,0.5789100661590745,0.19816509882593875
raw_all_rows,cur_total,NDCG@1,11,6,10,0.19816509882593875,0.5591536434798087,0.47784179281482503,0.13713861614561823,0.13471506281091267,0.5789100661590745,0.19816509882593875
raw_all_rows,zipf_alpha_full,NDCG@1,11,6,10,-0.19816509882593875,0.5591536434798087,-0.4750633612217466,0.13976547476303494,-0.13471506281091267,0.5789100661590745,0.19816509882593875
raw_all_rows,pas_emb,NDCG@1,11,6,10,0.18894811748519744,0.5779278216328015,0.48523465250921227,0.1303019760140832,0.13471506281091267,0.5789100661590745,0.18894811748519744
raw_all_rows,entropy_l1,NDCG@1,11,6,10,0.14286321078149072,0.6751842568701595,0.4415929641894758,0.1739093188720705,0.13471506281091267,0.5789100661590745,0.14286321078149072
raw_all_rows,entropy_l2,NDCG@1,11,6,10,0.11982075742963738,0.7256547923244632,0.01781504538651823,0.9585381970884158,0.057735026918962574,0.8119993835788952,0.11982075742963738
raw_all_rows,entropy_l0,NDCG@1,11,6,10,0.10599528541852539,0.7564282865418906,0.489047982441718,0.12686202224780663,0.13471506281091267,0.5789100661590745,0.10599528541852539
raw_all_rows,max_dupe,NDCG@1,11,6,10,-0.07834434139630138,0.8188981102895322,-0.4231984509544349,0.19466316682403156,-0.13471506281091267,0.5789100661590745,0.07834434139630138
raw_all_rows,entropy_l3,NDCG@1,11,6,10,0.06451886938518936,0.8505137906021056,0.039928556336863395,0.907210660870489,0.057735026918962574,0.8119993835788952,0.06451886938518936
raw_all_rows,entropy_min,NDCG@1,11,6,10,0.023042453351853343,0.9463855609355984,0.4781104133998741,0.13688631824758557,-0.019245008972987525,0.9368079280695977,0.023042453351853343
raw_all_rows,n_layers,NDCG@1,11,1,10,,,,,,,
raw_all_rows,codebook_size,NDCG@1,11,1,10,,,,,,,
raw_all_rows,embed_dim,NDCG@1,11,1,10,,,,,,,
raw_all_rows,beta,NDCG@1,11,1,10,,,,,,,
raw_all_rows,ema_decay,NDCG@1,11,1,10,,,,,,,
raw_all_rows,temperature,NDCG@1,11,1,10,,,,,,,
raw_all_rows,margin,NDCG@1,1,1,1,,,,,,,
raw_all_rows,unique_l3,NDCG@1,11,1,10,,,,,,,
raw_all_rows,entropy_mean,NDCG@10,11,6,10,0.7327500165889363,0.010316775964022938,0.9376320996185329,2.0206850070628976e-05,0.5965952781626133,0.013980758261535968,0.7327500165889363
raw_all_rows,unique_total_base,NDCG@10,11,6,10,0.7327500165889363,0.010316775964022938,0.934510236297565,2.505908917043674e-05,0.5965952781626133,0.013980758261535968,0.7327500165889363
raw_all_rows,n_collisions,NDCG@10,11,6,10,-0.7327500165889363,0.010316775964022938,-0.9345102362975652,2.5059089170436312e-05,-0.5965952781626133,0.013980758261535968,0.7327500165889363
raw_all_rows,cfr,NDCG@10,11,6,10,0.7327500165889363,0.010316775964022938,0.9345102362975656,2.5059089170435953e-05,0.5965952781626133,0.013980758261535968,0.7327500165889363
raw_all_rows,cur_total,NDCG@10,11,6,10,0.7327500165889363,0.010316775964022938,0.9345102362975651,2.505908917043674e-05,0.5965952781626133,0.013980758261535968,0.7327500165889363
raw_all_rows,zipf_alpha_full,NDCG@10,11,6,10,-0.7327500165889363,0.010316775964022938,-0.9398540736353347,1.7219302077767852e-05,-0.5965952781626133,0.013980758261535968,0.7327500165889363
raw_all_rows,entropy_l2,NDCG@10,11,6,10,0.6774481285444883,0.022005748839214606,0.5424582764589365,0.0846943390093004,0.5196152422706631,0.032304096454665795,0.6774481285444883
raw_all_rows,pas_behavioral,NDCG@10,11,6,10,0.6590141658630055,0.027421990599358907,0.8585252046770423,0.0007163003214641265,0.5581052602166382,0.021494016117075035,0.6590141658630055
raw_all_rows,unique_l0,NDCG@10,11,3,10,0.610661243021916,0.0459779189560761,0.9283683848975334,3.7173789280845615e-05,0.5337605126836238,0.04355909141025417,0.610661243021916
raw_all_rows,unique_l1,NDCG@10,11,3,10,0.610661243021916,0.0459779189560761,0.9211678468160879,5.660099137363328e-05,0.5337605126836238,0.04355909141025417,0.610661243021916
raw_all_rows,unique_l2,NDCG@10,11,3,10,0.610661243021916,0.0459779189560761,0.8387479247966755,0.0012525148029009557,0.5337605126836238,0.04355909141025417,0.610661243021916
raw_all_rows,entropy_min,NDCG@10,11,6,10,0.557627371114851,0.07468667694778676,0.9307290948983045,3.2081297718437095e-05,0.44263520637871306,0.06822808679705429,0.557627371114851
raw_all_rows,entropy_l1,NDCG@10,11,6,10,0.557627371114851,0.07468667694778676,0.9158290033107973,7.54164465281208e-05,0.44263520637871306,0.06822808679705429,0.557627371114851
raw_all_rows,entropy_l0,NDCG@10,11,6,10,0.5207594457518856,0.10049542251304476,0.9278841501255066,3.82907922114861e-05,0.365655170486763,0.13197287495492677,0.5207594457518856
raw_all_rows,entropy_l3,NDCG@10,11,6,10,0.5023254830704029,0.11533941889392824,0.5200513922346878,0.10104118800694706,0.365655170486763,0.13197287495492677,0.5023254830704029
raw_all_rows,gamma,NDCG@10,11,2,10,0.5011402523360258,0.11633945886179559,0.9183565437051551,6.599377482958446e-05,0.4303314829119352,0.11302436851255683,0.5011402523360258
raw_all_rows,pas_emb,NDCG@10,11,6,10,0.33641981893705886,0.31173839609592374,0.92152639699187,5.548104689438575e-05,0.2501851166488378,0.30269444491762354,0.33641981893705886
raw_all_rows,max_dupe,NDCG@10,11,6,10,-0.1336462294407494,0.6952412193060609,-0.8879920119460074,0.00026175157270632747,-0.057735026918962574,0.8119993835788952,0.1336462294407494
raw_all_rows,n_layers,NDCG@10,11,1,10,,,,,,,
raw_all_rows,codebook_size,NDCG@10,11,1,10,,,,,,,
raw_all_rows,embed_dim,NDCG@10,11,1,10,,,,,,,
raw_all_rows,beta,NDCG@10,11,1,10,,,,,,,
raw_all_rows,ema_decay,NDCG@10,11,1,10,,,,,,,
raw_all_rows,temperature,NDCG@10,11,1,10,,,,,,,
raw_all_rows,margin,NDCG@10,1,1,1,,,,,,,
raw_all_rows,unique_l3,NDCG@10,11,1,10,,,,,,,
raw_all_rows,entropy_mean,NDCG@20,11,6,9,0.7898572950972258,0.003825380280246721,0.9755636081283999,3.1500413388745777e-07,0.6604743864029395,0.006864653330939174,0.7898572950972258
raw_all_rows,unique_total_base,NDCG@20,11,6,9,0.7898572950972258,0.003825380280246721,0.9717996959435152,5.969358830546932e-07,0.6604743864029395,0.006864653330939174,0.7898572950972258
raw_all_rows,n_collisions,NDCG@20,11,6,9,-0.7898572950972258,0.003825380280246721,-0.9717996959435152,5.969358830546932e-07,-0.6604743864029395,0.006864653330939174,0.7898572950972258
raw_all_rows,cfr,NDCG@20,11,6,9,0.7898572950972258,0.003825380280246721,0.9717996959435152,5.969358830546932e-07,0.6604743864029395,0.006864653330939174,0.7898572950972258
raw_all_rows,cur_total,NDCG@20,11,6,9,0.7898572950972258,0.003825380280246721,0.9717996959435153,5.969358830546729e-07,0.6604743864029395,0.006864653330939174,0.7898572950972258
raw_all_rows,zipf_alpha_full,NDCG@20,11,6,9,-0.7898572950972258,0.003825380280246721,-0.9756749201310603,3.0864800861685744e-07,-0.6604743864029395,0.006864653330939174,0.7898572950972258
raw_all_rows,entropy_l0,NDCG@20,11,6,9,0.7529049070225018,0.007484273382099884,0.9665708784981886,1.2736751001956657e-06,0.6216229519086491,0.010949079132165647,0.7529049070225018
raw_all_rows,entropy_l2,NDCG@20,11,6,9,0.7529049070225018,0.007484273382099884,0.5544615103612528,0.07670635136552455,0.5827715174143585,0.017065207572717365,0.7529049070225018
raw_all_rows,entropy_min,NDCG@20,11,6,9,0.7344287129851398,0.01005511423393655,0.9693431708057045,8.661909795396404e-07,0.5827715174143585,0.017065207572717365,0.7344287129851398
raw_all_rows,unique_l0,NDCG@20,11,3,9,0.7286431424819468,0.010977735580788524,0.9681584423050533,1.0255812559373024e-06,0.6465269501284384,0.015189801759424644,0.7286431424819468
raw_all_rows,unique_l1,NDCG@20,11,3,9,0.7286431424819468,0.010977735580788524,0.9597405766084871,2.9113454999365986e-06,0.6465269501284384,0.015189801759424644,0.7286431424819468
raw_all_rows,unique_l2,NDCG@20,11,3,9,0.7286431424819468,0.010977735580788524,0.8830679615125359,0.0003153345508705294,0.6465269501284384,0.015189801759424644,0.7286431424819468
raw_all_rows,entropy_l1,NDCG@20,11,6,9,0.6050953547236058,0.048556778743024914,0.9546089868132428,4.958055529563279e-06,0.5050686484257774,0.03870967690867218,0.6050953547236058
raw_all_rows,pas_behavioral,NDCG@20,11,6,9,0.5681429666488818,0.06823441331448478,0.8635339877178009,0.0006136683530305621,0.4662172139314868,0.056360223771616376,0.5681429666488818
raw_all_rows,entropy_l3,NDCG@20,11,6,9,0.5681429666488818,0.06823441331448478,0.5316184886500211,0.09236562628435009,0.4273657794371963,0.08025302260481086,0.5681429666488818
raw_all_rows,gamma,NDCG@20,11,2,9,0.5022883414749454,0.11537067274689113,0.9565317095159339,4.0920340325016194e-06,0.43437224276306935,0.1122015216842506,0.5022883414749454
raw_all_rows,max_dupe,NDCG@20,11,6,9,-0.4018572203126237,0.2205267297231269,-0.9520713780823934,6.309838528255139e-06,-0.31081147595432457,0.20331631295883246,0.4018572203126237
raw_all_rows,pas_emb,NDCG@20,11,6,9,0.2632857650324086,0.4340753137319767,0.9553653024779134,4.602056654577265e-06,0.2331086069657434,0.3400229423719202,0.2632857650324086
raw_all_rows,n_layers,NDCG@20,11,1,9,,,,,,,
raw_all_rows,codebook_size,NDCG@20,11,1,9,,,,,,,
raw_all_rows,embed_dim,NDCG@20,11,1,9,,,,,,,
raw_all_rows,beta,NDCG@20,11,1,9,,,,,,,
raw_all_rows,ema_decay,NDCG@20,11,1,9,,,,,,,
raw_all_rows,temperature,NDCG@20,11,1,9,,,,,,,
raw_all_rows,margin,NDCG@20,1,1,1,,,,,,,
raw_all_rows,unique_l3,NDCG@20,11,1,9,,,,,,,
raw_all_rows,pas_behavioral,NDCG@5,11,6,9,0.7067144219290968,0.015037263106609938,0.8806711717651514,0.0003442437173716545,0.6021972346615039,0.013708599836814528,0.7067144219290968
raw_all_rows,entropy_mean,NDCG@5,11,6,9,0.6882382278917347,0.019214795942904445,0.911462072595867,9.408302680901805e-05,0.5633458001672133,0.02112237966018446,0.6882382278917347
raw_all_rows,unique_total_base,NDCG@5,11,6,9,0.6882382278917347,0.019214795942904445,0.9118976744508435,9.207727540032595e-05,0.5633458001672133,0.02112237966018446,0.6882382278917347
raw_all_rows,n_collisions,NDCG@5,11,6,9,-0.6882382278917347,0.019214795942904445,-0.9118976744508436,9.207727540032483e-05,-0.5633458001672133,0.02112237966018446,0.6882382278917347
raw_all_rows,cfr,NDCG@5,11,6,9,0.6882382278917347,0.019214795942904445,0.9118976744508438,9.207727540032396e-05,0.5633458001672133,0.02112237966018446,0.6882382278917347
raw_all_rows,cur_total,NDCG@5,11,6,9,0.6882382278917347,0.019214795942904445,0.9118976744508435,9.207727540032595e-05,0.5633458001672133,0.02112237966018446,0.6882382278917347
raw_all_rows,zipf_alpha_full,NDCG@5,11,6,9,-0.6882382278917347,0.019214795942904445,-0.9169102624067189,7.126760737186743e-05,-0.5633458001672133,0.02112237966018446,0.6882382278917347
raw_all_rows,entropy_l2,NDCG@5,11,6,9,0.6235715487609677,0.04036281880442809,0.5055286231252991,0.11266455121750474,0.48564293117863205,0.04683936380170556,0.6235715487609677
raw_all_rows,entropy_l1,NDCG@5,11,6,9,0.5589048696302008,0.07388187130105237,0.8871058153641579,0.0002708418449913654,0.4467914966843415,0.06744008804796868,0.5589048696302008
raw_all_rows,unique_l0,NDCG@5,11,3,9,0.5537687882862796,0.07715308831142295,0.9067493926837756,0.000117985473548365,0.4848952125963289,0.06862716754973477,0.5537687882862796
raw_all_rows,unique_l1,NDCG@5,11,3,9,0.5537687882862796,0.07715308831142295,0.9009269860954191,0.0001536173320923164,0.4848952125963289,0.06862716754973477,0.5537687882862796
raw_all_rows,unique_l2,NDCG@5,11,3,9,0.5537687882862796,0.07715308831142295,0.8080651365856135,0.002616888182437667,0.4848952125963289,0.06862716754973477,0.5537687882862796
raw_all_rows,gamma,NDCG@5,11,2,9,0.5022883414749454,0.11537067274689113,0.8985502234287815,0.00017030826105018503,0.43437224276306935,0.1122015216842506,0.5022883414749454
raw_all_rows,entropy_l3,NDCG@5,11,6,9,0.49423819049943374,0.12227398139560597,0.486776281339587,0.12890423000305737,0.3690886276957604,0.1308674824599955,0.49423819049943374
raw_all_rows,entropy_min,NDCG@5,11,6,9,0.4665238994433907,0.14803682456632894,0.9084180498479295,0.00010904735318412068,0.40794006219005097,0.09497678092556953,0.4665238994433907
raw_all_rows,pas_emb,NDCG@5,11,6,9,0.42957151136866667,0.1873117469004782,0.9071835367619459,0.00011560809715597431,0.29138575870717925,0.23300651285105256,0.42957151136866667
raw_all_rows,entropy_l0,NDCG@5,11,6,9,0.38338102627526166,0.244468549866063,0.9064472043513757,0.00011966215336109164,0.2525343242128887,0.30130920797954996,0.38338102627526166
raw_all_rows,max_dupe,NDCG@5,11,6,9,-0.041571436584064515,0.9034078790146136,-0.8430244298775345,0.0011170674427310855,0.019425717247145285,0.9366269830457421,0.041571436584064515
raw_all_rows,n_layers,NDCG@5,11,1,9,,,,,,,
raw_all_rows,codebook_size,NDCG@5,11,1,9,,,,,,,
raw_all_rows,embed_dim,NDCG@5,11,1,9,,,,,,,
raw_all_rows,beta,NDCG@5,11,1,9,,,,,,,
raw_all_rows,ema_decay,NDCG@5,11,1,9,,,,,,,
raw_all_rows,temperature,NDCG@5,11,1,9,,,,,,,
raw_all_rows,margin,NDCG@5,1,1,1,,,,,,,
raw_all_rows,unique_l3,NDCG@5,11,1,9,,,,,,,
raw_all_rows,pas_behavioral,Recall@1,11,6,10,0.6037122778185576,0.04921269640216948,0.6165730126152299,0.04334390450840212,0.44263520637871306,0.06822808679705429,0.6037122778185576
raw_all_rows,gamma,Recall@1,11,2,10,0.5011402523360258,0.11633945886179559,0.48483271497112934,0.1306679781136829,0.4303314829119352,0.11302436851255683,0.5011402523360258
raw_all_rows,unique_l0,Recall@1,11,3,10,0.4652657089690788,0.14928082969024378,0.49544114809251294,0.1212259941348526,0.40032038451271784,0.13009389144724806,0.4652657089690788
raw_all_rows,unique_l1,Recall@1,11,3,10,0.4652657089690788,0.14928082969024378,0.48756334408258667,0.1281943238170015,0.40032038451271784,0.13009389144724806,0.4652657089690788
raw_all_rows,unique_l2,Recall@1,11,3,10,0.4652657089690788,0.14928082969024378,0.48478524771456677,0.1307112446592751,0.40032038451271784,0.13009389144724806,0.4652657089690788
raw_all_rows,entropy_mean,Recall@1,11,6,10,0.19816509882593875,0.5591536434798087,0.45366961977182463,0.16105410884879134,0.13471506281091267,0.5789100661590745,0.19816509882593875
raw_all_rows,unique_total_base,Recall@1,11,6,10,0.19816509882593875,0.5591536434798087,0.47784179281482536,0.13713861614561793,0.13471506281091267,0.5789100661590745,0.19816509882593875
raw_all_rows,n_collisions,Recall@1,11,6,10,-0.19816509882593875,0.5591536434798087,-0.47784179281482553,0.13713861614561784,-0.13471506281091267,0.5789100661590745,0.19816509882593875
raw_all_rows,cfr,Recall@1,11,6,10,0.19816509882593875,0.5591536434798087,0.4778417928148254,0.13713861614561784,0.13471506281091267,0.5789100661590745,0.19816509882593875
raw_all_rows,cur_total,Recall@1,11,6,10,0.19816509882593875,0.5591536434798087,0.47784179281482503,0.13713861614561823,0.13471506281091267,0.5789100661590745,0.19816509882593875
raw_all_rows,zipf_alpha_full,Recall@1,11,6,10,-0.19816509882593875,0.5591536434798087,-0.4750633612217466,0.13976547476303494,-0.13471506281091267,0.5789100661590745,0.19816509882593875
raw_all_rows,pas_emb,Recall@1,11,6,10,0.18894811748519744,0.5779278216328015,0.48523465250921227,0.1303019760140832,0.13471506281091267,0.5789100661590745,0.18894811748519744
raw_all_rows,entropy_l1,Recall@1,11,6,10,0.14286321078149072,0.6751842568701595,0.4415929641894758,0.1739093188720705,0.13471506281091267,0.5789100661590745,0.14286321078149072
raw_all_rows,entropy_l2,Recall@1,11,6,10,0.11982075742963738,0.7256547923244632,0.01781504538651823,0.9585381970884158,0.057735026918962574,0.8119993835788952,0.11982075742963738
raw_all_rows,entropy_l0,Recall@1,11,6,10,0.10599528541852539,0.7564282865418906,0.489047982441718,0.12686202224780663,0.13471506281091267,0.5789100661590745,0.10599528541852539
raw_all_rows,max_dupe,Recall@1,11,6,10,-0.07834434139630138,0.8188981102895322,-0.4231984509544349,0.19466316682403156,-0.13471506281091267,0.5789100661590745,0.07834434139630138
raw_all_rows,entropy_l3,Recall@1,11,6,10,0.06451886938518936,0.8505137906021056,0.039928556336863395,0.907210660870489,0.057735026918962574,0.8119993835788952,0.06451886938518936
raw_all_rows,entropy_min,Recall@1,11,6,10,0.023042453351853343,0.9463855609355984,0.4781104133998741,0.13688631824758557,-0.019245008972987525,0.9368079280695977,0.023042453351853343
raw_all_rows,n_layers,Recall@1,11,1,10,,,,,,,
raw_all_rows,codebook_size,Recall@1,11,1,10,,,,,,,
raw_all_rows,embed_dim,Recall@1,11,1,10,,,,,,,
raw_all_rows,beta,Recall@1,11,1,10,,,,,,,
raw_all_rows,ema_decay,Recall@1,11,1,10,,,,,,,
raw_all_rows,temperature,Recall@1,11,1,10,,,,,,,
raw_all_rows,margin,Recall@1,1,1,1,,,,,,,
raw_all_rows,unique_l3,Recall@1,11,1,10,,,,,,,
raw_all_rows,entropy_mean,Recall@10,11,6,11,0.8414348964652163,0.001166056149863686,0.9604207128519467,2.6991371685638074e-06,0.6864930642568264,0.004426525857919832,0.8414348964652163
raw_all_rows,unique_total_base,Recall@10,11,6,11,0.8414348964652163,0.001166056149863686,0.9510125862794475,6.951056075035873e-06,0.6864930642568264,0.004426525857919832,0.8414348964652163
raw_all_rows,n_collisions,Recall@10,11,6,11,-0.8414348964652163,0.001166056149863686,-0.9510125862794477,6.951056075035873e-06,-0.6864930642568264,0.004426525857919832,0.8414348964652163
raw_all_rows,cfr,Recall@10,11,6,11,0.8414348964652163,0.001166056149863686,0.9510125862794478,6.95105607503572e-06,0.6864930642568264,0.004426525857919832,0.8414348964652163
raw_all_rows,cur_total,Recall@10,11,6,11,0.8414348964652163,0.001166056149863686,0.9510125862794477,6.951056075035873e-06,0.6864930642568264,0.004426525857919832,0.8414348964652163
raw_all_rows,zipf_alpha_full,Recall@10,11,6,11,-0.8414348964652163,0.001166056149863686,-0.9567991145692767,3.981517651508979e-06,-0.6864930642568264,0.004426525857919832,0.8414348964652163
raw_all_rows,entropy_min,Recall@10,11,6,11,0.7862588376806121,0.004106094451397136,0.9476771945754705,9.303922278695913e-06,0.6102160571171791,0.011412036386001648,0.7862588376806121
raw_all_rows,entropy_l2,Recall@10,11,6,11,0.7862588376806121,0.004106094451397136,0.6013411504229544,0.050351307166819584,0.6102160571171791,0.011412036386001648,0.7862588376806121
raw_all_rows,entropy_l0,Recall@10,11,6,11,0.7310827788960076,0.010581512143005308,0.9422682756897282,1.4371030734307343e-05,0.5339390499775316,0.026856695507524404,0.7310827788960076
raw_all_rows,entropy_l1,Recall@10,11,6,11,0.6575147005165352,0.02790025029791146,0.9404476306081965,1.6482033290123004e-05,0.5339390499775316,0.026856695507524404,0.6575147005165352
raw_all_rows,unique_l0,Recall@10,11,3,11,0.6092717958449424,0.04661263637843017,0.9423344344014073,1.429845405832462e-05,0.5288858853479451,0.044065400736826854,0.6092717958449424
raw_all_rows,unique_l1,Recall@10,11,3,11,0.6092717958449424,0.04661263637843017,0.9350541135456338,2.4155382918898102e-05,0.5288858853479451,0.044065400736826854,0.6092717958449424
raw_all_rows,unique_l2,Recall@10,11,3,11,0.6092717958449424,0.04661263637843017,0.8511028459583175,0.0008915580361937422,0.5288858853479451,0.044065400736826854,0.6092717958449424
raw_all_rows,entropy_l3,Recall@10,11,6,11,0.6023386417319309,0.04987013500020776,0.5733295454984477,0.06519488385260157,0.4576620428378843,0.057779571123597245,0.6023386417319309
raw_all_rows,gamma,Recall@10,11,2,11,0.5,0.11730680301423817,0.9322092200539106,2.9173289913128565e-05,0.42640143271122083,0.11384629800665805,0.5
raw_all_rows,pas_behavioral,Recall@10,11,6,11,0.473594504567854,0.14116693648810405,0.8372869772946948,0.0013014959517517603,0.3813850356982369,0.11384629800665805,0.473594504567854
raw_all_rows,pas_emb,Recall@10,11,6,11,0.32645834780890903,0.3271716720444547,0.9354554149632539,2.3504790305223056e-05,0.22883102141894215,0.34278171114791145,0.32645834780890903
raw_all_rows,max_dupe,Recall@10,11,6,11,-0.3080663282140409,0.35670905151954374,-0.9219576743802629,5.415650489581761e-05,-0.22883102141894215,0.34278171114791145,0.3080663282140409
raw_all_rows,n_layers,Recall@10,11,1,11,,,,,,,
raw_all_rows,codebook_size,Recall@10,11,1,11,,,,,,,
raw_all_rows,embed_dim,Recall@10,11,1,11,,,,,,,
raw_all_rows,beta,Recall@10,11,1,11,,,,,,,
raw_all_rows,ema_decay,Recall@10,11,1,11,,,,,,,
raw_all_rows,temperature,Recall@10,11,1,11,,,,,,,
raw_all_rows,margin,Recall@10,1,1,1,,,,,,,
raw_all_rows,unique_l3,Recall@10,11,1,11,,,,,,,
raw_all_rows,entropy_l0,Recall@20,11,6,10,0.9631745501074698,1.9589465186359942e-06,0.9712079536321387,6.548473921851441e-07,0.9045154217304135,0.0001943285747326813,0.9631745501074698
raw_all_rows,entropy_min,Recall@20,11,6,10,0.8894386993815391,0.00024741235921385053,0.9751722433121788,3.38160150349892e-07,0.7890453678924886,0.00115168902520429,0.8894386993815391
raw_all_rows,unique_l0,Recall@20,11,3,10,0.7851358838853205,0.004196732532384623,0.9731250839698827,4.815932417118735e-07,0.693888666488711,0.008695439959574178,0.7851358838853205
raw_all_rows,unique_l1,Recall@20,11,3,10,0.7851358838853205,0.004196732532384623,0.9640151624087147,1.7677636055183315e-06,0.693888666488711,0.008695439959574178,0.7851358838853205
raw_all_rows,unique_l2,Recall@20,11,3,10,0.7851358838853205,0.004196732532384623,0.8935755615839195,0.00020968823396968458,0.693888666488711,0.008695439959574178,0.7851358838853205
raw_all_rows,entropy_mean,Recall@20,11,6,10,0.7696179419519016,0.005606318200711969,0.9843836279164502,4.253887319000045e-08,0.6350852961085883,0.008888259164798344,0.7696179419519016
raw_all_rows,unique_total_base,Recall@20,11,6,10,0.7696179419519016,0.005606318200711969,0.9768834258788871,2.4582897675920507e-07,0.6350852961085883,0.008888259164798344,0.7696179419519016
raw_all_rows,n_collisions,Recall@20,11,6,10,-0.7696179419519016,0.005606318200711969,-0.9768834258788872,2.4582897675920507e-07,-0.6350852961085883,0.008888259164798344,0.7696179419519016
raw_all_rows,cfr,Recall@20,11,6,10,0.7696179419519016,0.005606318200711969,0.9768834258788872,2.4582897675920507e-07,0.6350852961085883,0.008888259164798344,0.7696179419519016
raw_all_rows,cur_total,Recall@20,11,6,10,0.7696179419519016,0.005606318200711969,0.9768834258788871,2.4582897675920507e-07,0.6350852961085883,0.008888259164798344,0.7696179419519016
raw_all_rows,zipf_alpha_full,Recall@20,11,6,10,-0.7696179419519016,0.005606318200711969,-0.9804057804857008,1.1742518188716933e-07,-0.6350852961085883,0.008888259164798344,0.7696179419519016
raw_all_rows,entropy_l2,Recall@20,11,6,10,0.7419669979296777,0.008939210032941078,0.5798234630631179,0.0615198973077656,0.5581052602166382,0.021494016117075035,0.7419669979296777
raw_all_rows,max_dupe,Recall@20,11,6,10,-0.723533035248195,0.01184239012546669,-0.9784412972854899,1.7999321904066533e-07,-0.5965952781626133,0.013980758261535968,0.723533035248195
raw_all_rows,entropy_l1,Recall@20,11,6,10,0.6129292591592989,0.04495470190973441,0.9658283821774133,1.4045061449769383e-06,0.48112522432468807,0.04747225514291817,0.6129292591592989
raw_all_rows,entropy_l3,Recall@20,11,6,10,0.585278315137075,0.05854358664119084,0.554682930095179,0.07656392280348338,0.404145188432738,0.09592623708636608,0.585278315137075
raw_all_rows,gamma,Recall@20,11,2,10,0.5011402523360258,0.11633945886179559,0.9605919891643688,2.647631329356379e-06,0.4303314829119352,0.11302436851255683,0.5011402523360258
raw_all_rows,pas_behavioral,Recall@20,11,6,10,0.3640707629592828,0.2710222959456772,0.839029363202009,0.0012432402854841294,0.2501851166488378,0.30269444491762354,0.3640707629592828
raw_all_rows,pas_emb,Recall@20,11,6,10,0.1797311361444561,0.5969408484790004,0.9574699064113703,3.714404142339422e-06,0.1732050807568877,0.4755101422480551,0.1797311361444561
raw_all_rows,n_layers,Recall@20,11,1,10,,,,,,,
raw_all_rows,codebook_size,Recall@20,11,1,10,,,,,,,
raw_all_rows,embed_dim,Recall@20,11,1,10,,,,,,,
raw_all_rows,beta,Recall@20,11,1,10,,,,,,,
raw_all_rows,ema_decay,Recall@20,11,1,10,,,,,,,
raw_all_rows,temperature,Recall@20,11,1,10,,,,,,,
raw_all_rows,margin,Recall@20,1,1,1,,,,,,,
raw_all_rows,unique_l3,Recall@20,11,1,10,,,,,,,
raw_all_rows,entropy_mean,Recall@5,11,6,11,0.8782189356549526,0.0003758584622186004,0.9445186382113901,1.2056300898413298e-05,0.7246315678266502,0.0026631192591385537,0.8782189356549526
raw_all_rows,unique_total_base,Recall@5,11,6,11,0.8782189356549526,0.0003758584622186004,0.9370064148144777,2.1115853818577984e-05,0.7246315678266502,0.0026631192591385537,0.8782189356549526
raw_all_rows,n_collisions,Recall@5,11,6,11,-0.8782189356549526,0.0003758584622186004,-0.9370064148144776,2.1115853818577984e-05,-0.7246315678266502,0.0026631192591385537,0.8782189356549526
raw_all_rows,cfr,Recall@5,11,6,11,0.8782189356549526,0.0003758584622186004,0.9370064148144781,2.1115853818577374e-05,0.7246315678266502,0.0026631192591385537,0.8782189356549526
raw_all_rows,cur_total,Recall@5,11,6,11,0.8782189356549526,0.0003758584622186004,0.937006414814478,2.1115853818577374e-05,0.7246315678266502,0.0026631192591385537,0.8782189356549526
raw_all_rows,zipf_alpha_full,Recall@5,11,6,11,-0.8782189356549526,0.0003758584622186004,-0.9430717639711217,1.3508522884750909e-05,-0.7246315678266502,0.0026631192591385537,0.8782189356549526
raw_all_rows,entropy_l2,Recall@5,11,6,11,0.8230428768703484,0.0018577866591421837,0.591563591025077,0.055237417762634196,0.6483545606870027,0.007189517250165056,0.8230428768703484
raw_all_rows,entropy_min,Recall@5,11,6,11,0.7494747984908758,0.007920340419242469,0.9339170052248021,2.607416638292771e-05,0.5720775535473553,0.017706065807366615,0.7494747984908758
raw_all_rows,entropy_l1,Recall@5,11,6,11,0.6942987397062714,0.01776321740912612,0.9200868718800088,6.008245997089747e-05,0.5720775535473553,0.017706065807366615,0.6942987397062714
raw_all_rows,entropy_l0,Recall@5,11,6,11,0.6575147005165352,0.02790025029791146,0.9280350239388615,3.7940043601921626e-05,0.41952353926806063,0.081990321000383,0.6575147005165352
raw_all_rows,entropy_l3,Recall@5,11,6,11,0.639122680921667,0.034253736789420036,0.5643389589853229,0.07052339332675191,0.495800546407708,0.03983261924474144,0.639122680921667
raw_all_rows,unique_l0,Recall@5,11,3,11,0.6092717958449424,0.04661263637843017,0.9270043635526631,4.0385907434617526e-05,0.5288858853479451,0.044065400736826854,0.6092717958449424
raw_all_rows,unique_l1,Recall@5,11,3,11,0.6092717958449424,0.04661263637843017,0.9223947044770076,5.2839135022143064e-05,0.5288858853479451,0.044065400736826854,0.6092717958449424
raw_all_rows,unique_l2,Recall@5,11,3,11,0.6092717958449424,0.04661263637843017,0.8137456228848371,0.0023060585013316803,0.5288858853479451,0.044065400736826854,0.6092717958449424
raw_all_rows,pas_behavioral,Recall@5,11,6,11,0.5839466221370627,0.059260958849668185,0.8703465576698046,0.0004923889886759875,0.495800546407708,0.03983261924474144,0.5839466221370627
raw_all_rows,gamma,Recall@5,11,2,11,0.5,0.11730680301423817,0.9203742792861407,5.9141250562343594e-05,0.42640143271122083,0.11384629800665805,0.5
raw_all_rows,pas_emb,Recall@5,11,6,11,0.4000264261883815,0.22283492947925315,0.9331567997427109,2.7420762757445633e-05,0.2669695249887658,0.2683816272927607,0.4000264261883815
raw_all_rows,max_dupe,Recall@5,11,6,11,-0.19771421064483224,0.5600663640329083,-0.8753965733337646,0.0004149168274121884,-0.11441551070947108,0.6352562959972483,0.19771421064483224
raw_all_rows,n_layers,Recall@5,11,1,11,,,,,,,
raw_all_rows,codebook_size,Recall@5,11,1,11,,,,,,,
raw_all_rows,embed_dim,Recall@5,11,1,11,,,,,,,
raw_all_rows,beta,Recall@5,11,1,11,,,,,,,
raw_all_rows,ema_decay,Recall@5,11,1,11,,,,,,,
raw_all_rows,temperature,Recall@5,11,1,11,,,,,,,
raw_all_rows,margin,Recall@5,1,1,1,,,,,,,
raw_all_rows,unique_l3,Recall@5,11,1,11,,,,,,,
